employer_name,industry_name,label_info
EARTHJUSTICE,NON-PROFIT (LAW),https://earthjustice.org/
NORTHERN CALIFORNIA COMMUNITY LOAN FUND,FINANCE,NA
BICYCLE COMMUTER SERVICES,GOVERNMENT,https://www.calhr.ca.gov/benefits/Pages/bicycle-commuter-program-frequently-asked-questions.aspx
"TENDERLOIN HOUSING CLINIC, INC.",NON-PROFIT (COMMUNITY),NA
CENTER FOR BIOLOGICAL DIVERSITY,BIOTECH,NA
JONES DAY,PRIVATE LAW,https://www.jonesday.com/en
GLADSTONE INSTITUTES,BIOTECH,https://gladstone.org/
SAN FRANCISCO MERCANTILE,RETAIL (SMALL BUSINESS),http://www.shopsfmercantile.com/
AGI AVANT,REAL ESTATE (DEVELOPER),http://www.agiavant.com/
NOE NEIGHBORHOOD COUNCIL,NON-PROFIT (COMMUNITY),NA
BAY AREA LEGAL AID,NON-PROFIT (LAW),NA
MITSUBISHI UFJ FINANCIAL GROUP,FINANCE,https://www.mufg.jp/english/index.html
JEWISH FILM INSTITUTE,NON-PROFIT (COMMUNITY),https://jfi.org/
"CENTRON MANAGEMENT GROUP, INC.",REAL ESTATE (OTHER),NA
"DEEP ELM CONSTRUCTION, LLC",BUILDING TRADES,Match on CONSTRUCTION
HARVEY HACKER ARCHITECTS,ARCHITECTURE/ENGINEERING,NA
"TRINITY MANAGEMENT, LLC",REAL ESTATE (LANDLORD),NA
COFFMAN ENGINEERS,ARCHITECTURE/ENGINEERING,https://www.coffman.com/
CHIFT HOTEL,HOSPITALITY,NA
KAISER PERMANENTE,HEALTHCARE (INSURANCE),Match on KAISER
LAW OFFICES OF STEPHEN M WILLIAMS,PRIVATE LAW,Match on LAW OFFICE
FMD MEDIA SALES,ENTERTAINMENT,https://fmd.media/
AMERICAN CIVIL LIBERTIES UNION,NON-PROFIT (ADVOCACY),https://www.aclu.org/
ACACIA CAPITAL CORP,FINANCE,Match on CAPITAL
SWINERTON BUILDERS,BUILDING TRADES,NA
CBS,MEDIA,Match on CBS
"EMERALD FUND, INC.",REAL ESTATE (DEVELOPER),https://www.emeraldfund.com/
ST. IGNATIUS,EDUCATION,NA
BEST MARBLE,BUILDING TRADES,https://www.bestmarblecompany.com/
KQED,NON-PROFIT (COMMUNITY),NA
JONES LANG LASALLE,REAL ESTATE (OTHER),https://www.us.jll.com/
DNA INK,CONSULTING (BUSINESS),http://www.dnaink.com/
CALIFORNIA APPELLATE LAW GROUP,PRIVATE LAW,Match on LAW GROUP
CREDIT KARMA,TECH,https://www.creditkarma.com/
NIKKO HOTEL,HOSPITALITY,https://www.hotelnikkosf.com//?_vsrefdom=hotelnikko-ppc&gclid=Cj0KCQjw4s7qBRCzARIsAImcAxZpcrUWScoLfcTJWkwCXCYVbDFLPSt78evy5T7ycvHcLnZlaTCtDfEaAlvYEALw_wcB&gclsrc=aw.ds
GENENTECH,HEALTHCARE (OTHER),Genentech does biomedical research.
SAN FRANCISCO STATE UNIVERSITY,EDUCATION,Match on UNIVERSITY
TS STUDIO,ARCHITECTURE/ENGINEERING,https://www.tsstudio.org/
FIREBRAND COMMUNICATIONS,CONSULTING (BUSINESS),NA
THIRD STREET MUSIC SCHOOL,EDUCATION,NA
UNITED STATES DEPARTMENT OF JUSTICE,GOVERNMENT,Match on DEPARTMENT OF
SAN FRANCISCO HOUSING AUTHORITY,GOVERNMENT,Match on AUTHORITY
PLANT CONSTRUCTION CO LP,BUILDING TRADES,Match on CONSTRUCTION
THE ADRIEL HAMPTON GROUP,CONSULTING (POLITICS),NA
IMPACT AFFORDABLE HOUSING,REAL ESTATE (NON-PROFIT),http://www.impactdevgroup.com/
BAY AREA COUNCIL,CONSULTING (BUSINESS),A commercial organization https://www.bayareacouncil.org/
"YBC ASSOCIATES, INC.",FINANCE,NA
KIDS CONNECTION ELEMENTARY,EDUCATION,NA
ALAIN PINEL REALTORS,REAL ESTATE (OTHER),https://www.tmgpartners.com/
PRICEWATERHOUSECOOPERS,HEALTHCARE (OTHER),NA
AMOEBA MUSIC,RETAIL (SMALL BUSINESS),NA
"JACKSON LAW GROUP, P.C.",PRIVATE LAW,Match on LAW GROUP
SAN FRANCISCO TENANTS' UNION,NON-PROFIT (ADVOCACY),NA
TRN LAW,PRIVATE LAW,NA
"WONG CONSTRUCTION, INC.",BUILDING TRADES,Match on CONSTRUCTION
PUBLIC EMPLOYEES FOR ENVIRONMENTAL RESPONSIBILITY,GOVERNMENT,NA
RANDALL GARY KNOX,PRIVATE LAW,http://members.calbar.ca.gov/fal/Licensee/Detail/113166
LAW OFFICE OF NATHALIE LEZAMA FERRO,PRIVATE LAW,Match on LAW OFFICE
AMERICAN FRIENDS SERVICES COMMITTEE,RELIGION,https://www.afsc.org/
MINI BAR SF,FOOD SERVICE,https://www.yelp.com/biz/mini-bar-sf-san-francisco
KAISER,HEALTHCARE (INSURANCE),Match on KAISER
UNIF MANAGEMENT INC.,REAL ESTATE (LANDLORD),NA
LANE POWELL PROFESSIONAL CORPORATION,PRIVATE LAW,https://www.lanepowell.com/
WESTSIDE OBSERVER,MEDIA,http://www.westsideobserver.com/
FELTON INSTITUTE,HEALTHCARE (PROVIDER),NA
24 EAST,MEDIA,http://24east.com/
CRE PROPERTY MANAGEMENT,REAL ESTATE (OTHER),NA
Z&L PROPERTIES,REAL ESTATE (LANDLORD),Match on REAL ESTATE
SHEPPARD MULLIN,PRIVATE LAW,https://www.sheppardmullin.com/
REMAX,REAL ESTATE (OTHER),Match on REMAX
UNIVERSITY OF CALIFORNIA AT DAVIS,EDUCATION,Match on UNIVERSITY
VITAL NUTRITION SERVICES,HEALTHCARE (PROVIDER),Nutritionist https://vitalnutritionservices.com/
RHS PARTNERS,FINANCE,NA
UNION BANK,FINANCE,Match on BANK not BANKER
SAN FRANCISCO BEAUTIFUL,NON-PROFIT (COMMUNITY),https://sfbeautiful.org/
OFFICE OF THE FEDERAL PUBLIC DEFENDER,GOVERNMENT,NA
THE DREAMCORPS,NON-PROFIT (COMMUNITY),https://www.thedreamcorps.org/
BARBARY COAST SF,MARIJUANA,https://barbarycoastsf.com/
JAPANESE CULTURAL CENTER,NON-PROFIT (COMMUNITY),NA
HIGGINS STRATEGY,CONSULTING (BUSINESS),NA
PORT OF SAN FRANCISCO,GOVERNMENT,NA
BV LAW,TENANT LAW,https://www.bvlawsf.com/
COUNTY OF SANTA CLARA,GOVERNMENT,NA
SHERRY GENDELMAN LAW OFFICES,PRIVATE LAW,Match on LAW OFFICE
"BLOOMFIELD LAW GROUP, INC.",PRIVATE LAW,Match on LAW GROUP
SAI INTERPRETATION,CONSULTING (BUSINESS),NA
VANGUARD PROPERTIES,REAL ESTATE (LANDLORD),Match on REAL ESTATE
PATREON,TECH,NA
THE STUD,FOOD SERVICE,NA
AIRBNB,TECH,Match on AIRBNB
KELLENBERG MEMORIAL HIGH SCHOOL,EDUCATION,NA
CONTENTFUL,TECH,https://www.contentful.com/
PETERPAN AUTO,OTHER SERVICES,NA
SALESFORCE,TECH,https://www.salesforce.com
JOHN BURTON PC,PRIVATE LAW,https://johnsburton.com/
ZEPHYR REAL ESTATE,REAL ESTATE (OTHER),Match on REAL ESTATE
STRIPE,TECH,https://www.stripe.com
JUNIPER NETWORKS,TECH,https://www.juniper.net/us/en/
CITY AND COUNTY OF SAN FRANCISCO,GOVERNMENT,Match on CITY AND COUNTY
AFRICAN AMERICAN ART AND CULTURE COMPLEX,NON-PROFIT (COMMUNITY),http://aaacc.org/
CHRISTOPHER DUDERSTADT MACHINE DESIGN,CONSULTING (DESIGN/ENGINEERING),http://www.sfpix.com/cdmd/
ENERGY EXPERTS INTERNATIONAL,ENERGY,NA
MESLOH STRATEGIES,CONSULTING (BUSINESS),NA
DAN KRAMER LAW GROUP,PRIVATE LAW,Match on LAW GROUP
SINGULARITY UNIVERSITY,EDUCATION,Match on UNIVERSITY
"UNIVERSITY OF SAN FRANCISCO, SCHOOL OF LAW",EDUCATION,Match on UNIVERSITY
HOUSING RIGHTS COMMITTEE OF SAN FRANCISCO,NON-PROFIT (COMMUNITY),NA
LAWRENCE BERKELEY LAB,EDUCATION,NA
BERKO LAW,PRIVATE LAW,http://members.calbar.ca.gov/fal/Licensee/Detail/94912
RENNE PUBLIC LAW GROUP,PRIVATE LAW,Match on LAW GROUP
HEFFERNAN INSURANCE BROKERS,FINANCE,NA
ORRICK,PRIVATE LAW,NA
ED2 INTERNATIONAL,ARCHITECTURE/ENGINEERING,https://www.linkedin.com/company/ed2-intl
FUTURE WORLD PICTURES,MEDIA,NA
MENDOCINO COUNTY PUBLIC DEFENDER,GOVERNMENT,NA
TWILIO,TECH,https://www.twilio.com/
BONNER COMMUNICATIONS,TELECOMMUNICATIONS,NA
BARBARY COAST SAN FRANCISCO,MARIJUANA,https://barbarycoastsf.com/
ORACLE,TECH,Match on ORACLE
3S LLC,REAL ESTATE (DEVELOPER),NA
RHP MANAGEMENT,REAL ESTATE (OTHER),NA
MICROSOFT CORPORATION,TECH,Match on MICROSOFT
EMERGE AMERICA,CONSULTING (POLITICS),https://emergeamerica.org/
GREENSTEIN AND MCDONALD,TENANT LAW,https://greensteinmcdonald.com/
TENDERLOIN HOUSING CLINIC,NON-PROFIT (COMMUNITY),NA
SECURITY FINANCIAL MANAGEMENT CORP,FINANCE,https://www.sfmadvisorgroup.com/
DELTA DENTAL,HEALTHCARE (INSURANCE),NA
LAW OFFICE OF ANDREW WESTLEY PC,PRIVATE LAW,Match on LAW OFFICE
RALLY HEALTH,TECH,https://www.rallyhealth.com/
OLD SHANGHAI RESTAURANT,FOOD SERVICE,NA
DAVE WASSERMAN REAL ESTATE,REAL ESTATE (OTHER),Match on REAL ESTATE
CALIFORNIA STATE ASSEMBLY,GOVERNMENT,NA
SALINAS LAW GROUP,PRIVATE LAW,Match on LAW GROUP
AIRTABLE,TECH,https://www.airtable.com/
ASSOCIATION RESERVES,REAL ESTATE (OTHER),NA
"SINCERE CONSTRUCTION COMPANY, INC.",BUILDING TRADES,Match on CONSTRUCTION
COMPASSIONATE HEALTH OPTIONS,REAL ESTATE (OTHER),https://www.compass.com/agents/sf/
MICHIGAN STATE UNIVERSITY,EDUCATION,Match on UNIVERSITY
GP TOURS,OTHER SERVICES,https://www.gptours.com/
COUNTABLE,CONSULTING (POLITICS),https://www.countable.us/
NIHONMACHI LITTLE FRIENDS,NON-PROFIT (COMMUNITY),http://www.nlfchildcare.org/
TRINITY PROPERTIES,REAL ESTATE (LANDLORD),Match on REAL ESTATE
HEART OF WELLNESS,HEALTHCARE (PROVIDER),http://heartofwellness.org/
HANDEL ARCHITECTS,ARCHITECTURE/ENGINEERING,NA
HOTEL TOMO,HOSPITALITY,https://www.reservations.com/hotel/hotel-tomo-a-joie-de-vivre-hotel?rmcid=tophotels&utm_source=googleads&gclid=Cj0KCQjw4s7qBRCzARIsAImcAxbKCf89EIS_i8UVg42GeX9xTKdEv1JWVucmczYuSrgnc70_Zs62L9waAlJ3EALw_wcB
STEVE KAWA STRATEGIC ADVISING,CONSULTING (POLITICS),https://www.linkedin.com/in/steve-kawa-586a4a171
"BLUE BIRDS CONSTRUCTION, INC.",BUILDING TRADES,Match on CONSTRUCTION
REDDIT,TECH,https://www.reddit.com/
FLEETSMITH,TECH,https://www.fleetsmith.com/
ALFRED WILLIAMS CONSULTANCY,CONSULTING (BUSINESS),NA
"PEACOCK PROPERTIES, INC.",REAL ESTATE (LANDLORD),Match on REAL ESTATE
ELLISTON VINYARDS,AGRICULTURE,NA
DOUBLE CROWN GAMING CO.,TECH,https://www.crunchbase.com/organization/double-crown-gaming-co
JEWISH VOCATIONAL SERVICE,NON-PROFIT (COMMUNITY),https://www.jvs.org/
CULINARY MAGIC,FOOD SERVICE,https://culinarymagic.com/
BISHOP ROCK CAPITAL,FINANCE,Match on CAPITAL
SAN FRANCISCO HEALTH PLAN,HEALTHCARE (INSURANCE),NA
SPANBERGER FOR CONGRESS,CONSULTING (POLITICS),NA
CHESA BOUDIN FOR DISTRICT ATTORNEY 2019,POLITICS,This is a campaign for DA.
CHINESE MEDICINE WORKS,HEALTHCARE (PROVIDER),NA
TREVOR CAUDLE LAW PRACTICE,PRIVATE LAW,NA
PORTLAND PUBLIC SCHOOLS,EDUCATION,NA
HONOR,HEALTHCARE (PROVIDER),https://www.joinhonor.com/
CHINATOWN COMMUNITY DEVELOPMENT CENTER,NON-PROFIT (COMMUNITY),NA
GOLDEN GATE BRIDGE HIGHWAY AND TRANSPORTATION DISTRICT,GOVERNMENT,NA
UNITED STATES HOUSE OF REPRESENTATIVES,GOVERNMENT,NA
JAPANESE CULTURAL AND COMMUNITY CENTER OF NORTHERN CALIFORNIA,NON-PROFIT (COMMUNITY),http://www.jcccnc.org/
THE NUNEMACHER GROUP,REAL ESTATE (OTHER),https://vanguardproperties.com/agent-1-James-Nunemacher.php
SPARC,MARIJUANA,NA
THE PUBLIC INTEREST LAW PROJECT,NON-PROFIT (COMMUNITY),http://www.pilpca.org/
SKILLZ,TECH,https://www.skillz.com/
ENGLISH LANGUAGE CENTER,EDUCATION,https://www.elc.edu/
BODY DAO ACUPUNCTURE,HEALTHCARE (PROVIDER),NA
HEALTHRIGHT 360,HEALTHCARE (PROVIDER),NA
GREENBELT ALLIANCE,NON-PROFIT (COMMUNITY),NA
FACEBOOK,TECH,Match on FACEBOOK
ROBERT J WAYNE PROFESSIONAL SERVICE CORPORATION,PRIVATE LAW,http://washingtontrials.com/
VJR CONSULTING,CONSULTING (BUSINESS),NA
PUBLIC ADVOCATES,NON-PROFIT (LAW),https://www.publicadvocates.org/
UNITED STATES ENVIRONMENTAL PROTECTION AGENCY,GOVERNMENT,Match on AGENCY
FLYNN INVESTMENTS,REAL ESTATE (LANDLORD),https://www.bisnow.com/tags/flynn-investments
SAN FRANCISCO GENERAL HOSPITAL,HEALTHCARE (PROVIDER),Match on HOSPITAL
SUNPOWER,ENERGY,https://us.sunpower.com/
MEDAL,TECH,https://www.medal.com/
"LILAC LAW GROUP, LLP",PRIVATE LAW,Match on LAW GROUP
RIAZ CAPITAL,FINANCE,Match on CAPITAL
NORWEST VENTURE PARTNERS,FINANCE,NA
CENTRIX,TECH,https://www.centrixsolutions.com/
INTERNATIONAL LONGSHORE AND WAREHOUSE UNION,UNION,NA
KIPP BAY AREA PUBLIC SCHOOLS,EDUCATION,NA
COLLECTIVE IMPACT,NON-PROFIT (COMMUNITY),NA
THE BANNER DEVELOPMENT COMPANY,REAL ESTATE (DEVELOPER),https://www.bannerrealestategroup.com/storage-development/our-team/
GRANITE EXCAVATION AND DEMOLITION,BUILDING TRADES,"https://www.granitesf.com/""                                                                       ""https://www.stripe.com"
DANNY COYLE'S,FOOD SERVICE,NA
SAN FRANCISCO IHSS PUBLIC AUTHORITY,GOVERNMENT,Match on AUTHORITY
NATIONAL UNION OF HEALTHCARE WORKERS,UNION,NA
ALBION POWER CO,MANUFACTURING,https://www.albionpower.com/
GRATEFUL HEART HOLISTIC THERAPY CENTER,HEALTHCARE (PROVIDER),NA
WEI LI CONSTRUCTION,BUILDING TRADES,Match on CONSTRUCTION
"UNIVERSITY OF CALIFORNIA, HASTINGS COLLEGE OF THE LAW",EDUCATION,Match on UNIVERSITY
SAN FRANCISCO TENANTS UNION,NON-PROFIT (ADVOCACY),https://www.sftu.org/
EXPETO WIRELESS,TELECOMMUNICATIONS,NA
ASANA,TECH,https://asana.com/
STANFORD FUNCTIONAL GENOMICS FACILITY,HEALTHCARE (PROVIDER),NA
GMTO CORP,CONSULTING (DESIGN/ENGINEERING),NA
STEINHORN CONSULTING,CONSULTING (BUSINESS),NA
ROCKET SCIENCE ASSOCIATES,CONSULTING (MARKETING),https://rocketscience.com/
BIG CITY VOLLEYBALL,ENTERTAINMENT,Volleyball is entertaining http://bcvb.leaguer.org/
NORTH EAST MEDICAL SERVICES,HEALTHCARE (PROVIDER),https://www.nems.org/
BLEND,TECH,This is fintech https://blend.com/
SINOTAS CONSULTING,CONSULTING (BUSINESS),NA
MAGGIE MUIR CONSULTING,CONSULTING (POLITICS),NA
EMPORIUM SF,MARIJUANA,https://emporiumsf.com/
CALIFORNIA REINVESTMENT COALITION,NON-PROFIT (COMMUNITY),http://calreinvest.org/
ZEBED SECURITIES LLX,FINANCE,https://brokercheck.finra.org/firm/summary/166469
MISSION NEIGHBORHOOD CENTER,NON-PROFIT (COMMUNITY),NA
FOUR LEGGED FITNESS,OTHER SERVICES,NA
WEST PORTAL SOFTWARE CORP,TECH,NA
CITY OF SAN FRANCISCO,GOVERNMENT,Match on CITY OF
INSTITUTE FOR POLICY STUDIES,CONSULTING (POLITICS),A think tank https://ips-dc.org/
ARCHITECTS LTD,ARCHITECTURE/ENGINEERING,NA
LEDA LAW,TENANT LAW,https://www.ledalawfirm.com/
AMERICAN REALTY,REAL ESTATE (OTHER),https://www.tmgpartners.com/
BUCHANAN YMCA,NON-PROFIT (COMMUNITY),https://www.ymcasf.org/locations/buchanan
BLOOMBERG,FINANCE,"Bloomberg is a media company, but arguably only relating to finance."
CLUB WAZIEMA,FOOD SERVICE,NA
COUNTY OF ALAMEDA,GOVERNMENT,NA
LAW OFFICE OF MARK R. VERMEULEN,PRIVATE LAW,Match on LAW OFFICE
SAN FRANCISCO HOUSING ACTION COALITION,REAL ESTATE (OTHER),NA
NBS - LOCAL GOVERNMENT CONSULTANTS,CONSULTING (POLITICS),NA
JIKA JAPANESE RAMEN,FOOD SERVICE,NA
BANK OF SAN FRANCISCO,FINANCE,Match on BANK not BANKER
THE CAVALIER SF,FOOD SERVICE,https://thecavaliersf.com/
YERBA BUENA CENTER FOR THE ARTS,NON-PROFIT (COMMUNITY),NA
MAIER LAW GROUP,PRIVATE LAW,Match on LAW GROUP
SAN FRANCISCO COMMUNITY LAND TRUST,REAL ESTATE (NON-PROFIT),https://sfclt.org/index.php
D'S DAWGS,SELF-EMPLOYED,NA
STUDIO SOOTHE,OTHER SERVICES,NA
AIDS LEGAL REFERRAL PANEL,NON-PROFIT (LAW),https://www.alrp.org/
LAW OFFICE OF CARL J. WILLIAMS,PRIVATE LAW,Match on LAW OFFICE
"Z&L PROPERTIES, INC.",REAL ESTATE (LANDLORD),Match on REAL ESTATE
OPENSCOPE STUDIO,ARCHITECTURE/ENGINEERING,http://openscopestudio.com/
"SQUARE, INC",TECH,https://www.square.com
AXIOM DEVELOPMENT CORPORATION,CONSULTING (BUSINESS),http://www.axiom-corp.com/
FANNIE MAE,REAL ESTATE (OTHER),https://www.fanniemae.com/portal/index.html
AMERICA ASIA INVESTMENTS INC.,FINANCE,Match on INVESTMENTS
LINKEDIN,TECH,Match on LINKEDIN
"SQUARE, INC.",TECH,https://www.square.com
CITY OF LOS ANGELES,GOVERNMENT,Match on CITY OF
SUTTER HEALTH/CPMC,HEALTHCARE (PROVIDER),NA
EDMONDS UNITARIAN UNIVERSALIST CONGREGATION,RELIGION,NA
MARMON BIOSTATISTICS,CONSULTING (BUSINESS),NA
HELIUM VENTURES,FINANCE,NA
ACRE VENTURE PARTNERS,FINANCE,Food-related VC http://acre.vc/
RIVIERA PARTNERS,TECH,https://rivierapartners.com/
GRASS ROOTS,MARIJUANA,"https://www.grassrootssf.com/""                                                                       ""https://www.stripe.com"
VERDANT BUILDING,BUILDING TRADES,NA
HUSTLE,TECH,https://www.hustle.com/
CAT CLUB,ENTERTAINMENT,http://www.sfcatclub.com/
LEAPYEAR,TECH,NA
MONTESSORI CHILDREN'S CENTER,EDUCATION,http://www.montessorichildrenscenter.org/
MODBOT,TECH,NA
NEW YORK CITY DEPARTMENT OF EDUCATION,GOVERNMENT,Match on DEPARTMENT OF
HONG KONG CLAY POT RESTAURANT,FOOD SERVICE,NA
GOLDEN STATE WARRIORS,ENTERTAINMENT,NA
PERETZ AND ASSOCIATES,PRIVATE LAW,https://pview.findlaw.com/view/3407596_1
SOUL CYCLE SF,FITNESS,NA
"SELF-EMPLOYED, SAME NAME",SELF-EMPLOYED,Match on SELF-EMPLOYED
LENDFRIEND,FINANCE,http://lendfriend.com/
FEHR AND PEERS,CONSULTING (DESIGN/ENGINEERING),NA
HUMPHREYS JOINER LAW GROUP LLP,PRIVATE LAW,Match on LAW GROUP
CUSTOM FURNITURE DESIGN BY THOMAS FETHERSTON,CONSULTING (DESIGN/ENGINEERING),NA
TMG PARTNERS,REAL ESTATE (DEVELOPER),https://www.tmgpartners.com/
LAW OFFICES OF J. WALLACE OMAN,PRIVATE LAW,Match on LAW OFFICE
THE AZEK COMPANY,MANUFACTURING,https://azekco.com/
"UNIVERSITY OF CALIFORNIA, SAN FRANCISCO",EDUCATION,Match on UNIVERSITY
BIG TREE PROPERTIES,REAL ESTATE (LANDLORD),Match on REAL ESTATE
LOVE ON HAIGHT,RETAIL (SMALL BUSINESS),NA
TPMG BEHAVIORAL HEALTH,HEALTHCARE (PROVIDER),NA
LENA EMMERY REAL ESTATE BROKER,REAL ESTATE (OTHER),Match on REAL ESTATE
ENSIGN,HEALTHCARE (PROVIDER),NA
S. ABRAMOVICH DESIGN,CONSULTING (DESIGN/ENGINEERING),NA
WELLS FARGO BANK,FINANCE,Match on BANK not BANKER
PJ JOHNSTON,CONSULTING (POLITICS),http://www.pjcommunications.com/
LEGAL ASSISTANCE TO THE ELDERLY,NON-PROFIT (LAW),https://www.laesf.org/
DAVID W. COCHRAN GENERAL DENISTRY,HEALTHCARE (PROVIDER),NA
CITY OF BELLEVUE,GOVERNMENT,Match on CITY OF
EAST BAY COMMUNITY LAW CENTER,NON-PROFIT (LAW),https://ebclc.org/
DELTA DENTAL OF CALIFORNIA,HEALTHCARE (INSURANCE),NA
FASTNET ENGINEERING,ARCHITECTURE/ENGINEERING,NA
IRIS STATISTICAL COMPUTING,CONSULTING (BUSINESS),NA
NORTHERN CALIFORNIA GRANTMAKERS,NON-PROFIT (COMMUNITY),https://ncg.org/
SAN FRANCISCO MUNICIPAL TRANSPORTATION AGENCY,GOVERNMENT,Match on AGENCY
EAST BAY MUNICIPAL UTILITY DISTRICT,GOVERNMENT,NA
OFFICE OF THE SAN FRANCISCO PUBLIC DEFENDER,GOVERNMENT,This is a govenment lawyer.
"GROUPON, INC.",TECH,https://www.groupon.com/
SCHAUB LY ARCHITECTS,ARCHITECTURE/ENGINEERING,NA
TCM AMERICA CORP,MANUFACTURING,https://www.constructionequipment.com/company/tcm-america-inc
CRUISE AUTOMATION,TECH,NA
SPARROW EDUCATIONAL CONSULTING,CONSULTING (BUSINESS),NA
TXT LLC DBA CAT CLUB,ENTERTAINMENT,http://www.sfcatclub.com/
LAW OFFICE OF PAHOUA C. LOR,PRIVATE LAW,Match on LAW OFFICE
MARINA SECURITIES SERVICES,OTHER SERVICES,Private security https://marinasecurities.com/
JEFFREY ENG CONSTRUCTION,BUILDING TRADES,Match on CONSTRUCTION
GOOGLE INC,TECH,Match on GOOGLE
MURPHY INVESMENTS,REAL ESTATE (OTHER),NA
CALIFORNIA HEALTH CARE FOUNDATION,NON-PROFIT (ADVOCACY),https://www.chcf.org/
THE VILLAGE PROJECT,NON-PROFIT (COMMUNITY),NA
BEAHM LAW PC,PRIVATE LAW,NA
COMMUNITY PARTNERS/MOVE LA,NON-PROFIT (OTHER),https://communitypartners.org/success-story/move-la
COMMUNITY CENTER FOR EDUCATION RESULTS,NON-PROFIT (COMMUNITY),https://roadmapproject.org/about-ccer/
DOUGLAS DURKIN DESIGN,CONSULTING (DESIGN/ENGINEERING),NA
AETNA,HEALTHCARE (INSURANCE),NA
COMMUNITY LEGAL SERVICES IN EAST PALO ALTO,NON-PROFIT (LAW),NA
CHINATOWN DEVELOPMENT CENTER,NON-PROFIT (COMMUNITY),https://www.chinatowncdc.org/
EVICTION DEFENSE COLLABORATIVE,NON-PROFIT (ADVOCACY),This is a tenants rights non-profit.
ACKRELL CAPITAL LLC,FINANCE,Match on CAPITAL
LYELL,BIOTECH,https://lyell.com/
STRADA INVESTMENT GROUP,REAL ESTATE (OTHER),NA
DIABLO VALLEY COLLEGE,EDUCATION,Match on COLLEGE
GAINES CONSULTING,CONSULTING (BUSINESS),NA
AIDS LEGAL REFERRAL PANEL (ALRP),NON-PROFIT (LAW),https://www.alrp.org/
COMPASS,REAL ESTATE (OTHER),https://www.compass.com/agents/sf/
GEOSYNTEC CONSULTANTS,CONSULTING (DESIGN/ENGINEERING),https://www.geosyntec.com/
ATLASSIAN,TECH,https://www.atlassian.com/
TENANTS TOGETHER,NON-PROFIT (ADVOCACY),This is a tenants rights non-profit.
EVICTION DEFENSE CENTER,NON-PROFIT (LAW),http://evictiondefense.org/
UNIVERSITY OF CALIFORNIA SAN FRANCIACO,EDUCATION,Match on UNIVERSITY
LIVE NATION,ENTERTAINMENT,NA
NONE,UNEMPLOYED,NA
BERNAL BEACH FILMS,MEDIA,NA
"AM ROCCA, INC.",BUILDING TRADES,NA
BALDERAMA LAW FIRM,PRIVATE LAW,Match on LAW FIRM
BEATITUDES REALTY,REAL ESTATE (OTHER),https://www.tmgpartners.com/
WALK SAN FRANCISCO,NON-PROFIT (COMMUNITY),NA
SAN FRANCISCO STUDY CENTER,NON-PROFIT (COMMUNITY),https://studycenter.org/
DYNAVAX TECHNOLOGIES,BIOTECH,http://www.dynavax.com/about-us/
GRASS ROOTS COLLECTIVE,MARIJUANA,"https://www.grassrootssf.com/""                                                                       ""https://www.stripe.com"
WOLVERINE WORLDWIDE,MANUFACTURING,NA
EASTDIL SECURED,REAL ESTATE (OTHER),https://www.eastdilsecured.com/
DELTA AIRLINES,AIRLINE,NA
LAURIE JONES NEIGHBORS CONSULTING,CONSULTING (POLITICS),Consulting firm for orgs/municipalities https://www.ljneighbors.com/
COLDWELL BANKER,REAL ESTATE (OTHER),NA
US SMALL BUSINESS ADMINISTRATION,GOVERNMENT,NA
PLANGRID,TECH,https://www.plangrid.com/
DISTRACTIONS ON HAIGHT,RETAIL (SMALL BUSINESS),NA
EVERNOTE,TECH,NA
MAKRAS REAL ESTATE,REAL ESTATE (OTHER),Match on REAL ESTATE
STATE OF CALIFORNIA,GOVERNMENT,Match on STATE OF
ATLASSIAN CORPORATION,TECH,https://www.atlassian.com/
MCAVOY O'HARA EVERGREEN MORTUARY,OTHER SERVICES,NA
LYFT,RIDESHARE,Match on LYFT
BLACK SANDS,FOOD SERVICE,NA
CITY REAL ESTATE,REAL ESTATE (OTHER),Match on REAL ESTATE
LIGHTSTEP,TECH,https://lightstep.com/
ALAMEDA COUNTY COMMUNITY FOOD BANK,FINANCE,Match on BANK not BANKER
IBM,TECH,Match on IBM
WELLSPRING,TECH,https://www.wellspring.com/
ROBERT HALF MANAGEMENT RESOURCES,CONSULTING (BUSINESS),https://www.roberthalf.com/work-with-us/our-services/management-resources
CBS SPORTS,MEDIA,Match on CBS
LAW OFFICES OF MARY CATHERINE WIEDERHOLD,PRIVATE LAW,Match on LAW OFFICE
CULLINANE CONSTRUCTION,BUILDING TRADES,Match on CONSTRUCTION
THE DAVEY TREE EXPERT COMPANY,OTHER SERVICES,NA
HEATHER ELDER REPRESENTS,MEDIA,https://www.heatherelder.com/
PROOFPOINT,TECH,https://www.proofpoint.com/us
RDJ ENTERPRISES,CONSULTING (POLITICS),NA
SF HOUSING ACTION COALITION,REAL ESTATE (OTHER),NA
SCOPIA CAPITAL MANAGEMENT,FINANCE,Match on CAPITAL
ONE VASSAR,REAL ESTATE (DEVELOPER),https://www.linkedin.com/jobs/view/project-coordinator-at-one-vassar-llc-1228107709
"UNIVERSITY OF CALIFORNIA, AT SAN FRANCISCO",EDUCATION,Match on UNIVERSITY
LOWER POLK COMMUNITY BENEFIT DISTRICT,NON-PROFIT (COMMUNITY),NA
APOLLO.IO,TECH,https://www.apollo.io/
LAW OFFICES OF CONOR GRANAHAN,PRIVATE LAW,Match on LAW OFFICE
UNITED TALENT AGENCY,GOVERNMENT,Match on AGENCY
COLLIERS INTERNATIONAL,REAL ESTATE (OTHER),NA
CITY OF OAKLAND,GOVERNMENT,Match on CITY OF
FOX ROTHSCHILD,PRIVATE LAW,https://www.foxrothschild.com/
BASA INC,MARIJUANA,https://weedmaps.com/dispensaries/bay-area-safe-alternatives-inc-basa
WEST COAST PROPERTY MANAGEMENT CO.,REAL ESTATE (LANDLORD),NA
PUBLIC JUSTICE CENTER,NON-PROFIT (LAW),http://www.publicjustice.org/
BOOMERANG LITIGATION SERVICES,PRIVATE LAW,NA
"ADOBE, INC.",TECH,https://www.adobe.com/
HAIGHT-ASHBURY IMPROVEMENT ASSOCIATION,NON-PROFIT (COMMUNITY),NA
ANDREA BAKER CONSULTING,CONSULTING (BUSINESS),http://www.andreabakerconsulting.com/
SAN FRANCISCO RISING,POLITICS,http://www.sfrising.org/
CLAUDINE CHENG CONSULTANTS,CONSULTING (POLITICS),http://claudinecheng.com/about.shtml
MASSACHUSETTS HOUSING PARTNERSHIP,REAL ESTATE (NON-PROFIT),https://www.mhp.net/
"TRUST DEED INVESTMENTS, INC.",FINANCE,Match on INVESTMENTS
DASHING DELIVERY,OTHER SERVICES,NA
KAY TANEYHILL PHOTOGRAPHY,OTHER SERVICES,NA
BIGBAD ESPORTS,TECH,NA
CALIFORNIA SCHOOL BOARD ASSOCIATION,EDUCATION,NA
MAD RIVER COMMUNITY HOSPITAL,HEALTHCARE (PROVIDER),Match on HOSPITAL
FIRST REPUBLIC BANK,FINANCE,Match on BANK not BANKER
ST FRANCIS HOSPITAL,HEALTHCARE (PROVIDER),Match on HOSPITAL
ADOBE,TECH,https://www.adobe.com/
"UNIVERSITY OF CALIFORNIA, AT BERKELEY",EDUCATION,Match on UNIVERSITY
A HOME WITHIN,NON-PROFIT (COMMUNITY),https://www.ahomewithin.org/
THE OUTCAST AGENCY,GOVERNMENT,Match on AGENCY
JRM CONSTRUCTION MANAGEMENT,BUILDING TRADES,Match on CONSTRUCTION
SAN FRANCISCO DEPARTMENT OF PUBLIC HEALTH,GOVERNMENT,Match on DEPARTMENT OF
SAN FRANCISCO UNIFIED SCHOOL DISTRICT,EDUCATION,Match on SCHOOL DISTRICT
SHORENSTEIN,REAL ESTATE (OTHER),https://shorenstein.com/
BERKSHIRE HATHAWAY,FINANCE,NA
SELF-EMPLOYED/SAME NAME,SELF-EMPLOYED,Match on SELF-EMPLOYED
SAY CHEESE,FOOD SERVICE,https://www.saycheesesf.com/
THE HENKLE GROUP,CONSULTING (BUSINESS),Looks like the business consulting firm of this person https://www.linkedin.com/in/dan-henkle-2583ab92
DL (DAVID LILIENSTEIN) LAW GROUP,PRIVATE LAW,Match on LAW GROUP
DIRECT COMMERCE,TECH,NA
MCAVOY O'HARA COMPANY,OTHER SERVICES,Mortuary http://www.mcavoyohara.com/
BULLITT BAR & GRILL,FOOD SERVICE,Match on GRILL
MAXIMS,REAL ESTATE (OTHER),NA
FORT MASON CENTER,NON-PROFIT (COMMUNITY),NA
BAY REA HEALTHCARE CENTER,HEALTHCARE (PROVIDER),NA
WESTERN UNION DIGITAL,FINANCE,NA
TRINITY SCHOOL,EDUCATION,NA
WILLIAMS LEA,CONSULTING (BUSINESS),https://www.williamslea.com/
LAW OFFICE OF MATT SULLIVAN,PRIVATE LAW,Match on LAW OFFICE
SOFTWARE ENGINEER,TECH,NA
EDELMAN,CONSULTING (BUSINESS),NA
CITY OF BERKELEY,GOVERNMENT,Match on CITY OF
MISSION AT TENTH INTERARTS JOURNAL,MEDIA,https://www.ciis.edu/academics/graduate-programs/mfa-programs/mission-at-tenth-inter-arts-journal
YOGA MAYU,HEALTHCARE (PROVIDER),NA
CULLINANE PLASTERING,BUILDING TRADES,"https://porch.com/san-francisco-ca/general-contractors/cullinane-plastering/pp""                                                                       ""https://www.stripe.com"
HOODLINE,MEDIA,NA
STARBUCKS,FOOD SERVICE,NA
THE PRITZKER ORGANIZATION,FINANCE,https://pritzkerorg.com/
UBER,RIDESHARE,Match on UBER
PACIFIC GOURMET,FOOD SERVICE,A food distributor https://www.pacgourmet.com/
"3D INVESTMENTS, LLC",FINANCE,Match on INVESTMENTS
THE SYNCHRONICS GROUP TRIAL CONSULTANTS,PRIVATE LAW,NA
BUDGET SIGNS,MANUFACTURING,http://www.budgetsignssf.com/
APPLE INC.,TECH,Match on APPLE
PUBLIC INTEREST LAW PROJECT,NON-PROFIT (COMMUNITY),http://www.pilpca.org/
EPISCOPAL COMMUNITY SERVICES,NON-PROFIT (COMMUNITY),https://ecs-sf.org/
COUNTY OF SAN MATEO,GOVERNMENT,NA
MONKEYBRAINS.NET,TELECOMMUNICATIONS,NA
HOOSHMAND LAW GROUP,PRIVATE LAW,Match on LAW GROUP
APPLE INC,TECH,Match on APPLE
BRATTLE GROUP,CONSULTING (BUSINESS),https://www.brattle.com/
SLACK TECHNOLOGIES,TECH,https://www.slack.com/
URBAN LAND DECELOPMENT,REAL ESTATE (DEVELOPER),https://www.uldevelopment.com/
CONOR JOHNSTON CONSULTING,MARIJUANA,NA
NORTHWESTERN UNIVERSITY,EDUCATION,Match on UNIVERSITY
MORGAN STANLEY,FINANCE,Match on MORGAN STANLEY
BOOM LEARNING,EDUCATION,NA
PERALTA COMMUNITY COLLEGE DISTRICT,EDUCATION,Match on COLLEGE
"AD ASTRA LAW GROUP, LLP",PRIVATE LAW,Match on LAW GROUP
EMANCIPATION ACRES,AGRICULTURE,https://emancipationacres.com/
SAN FRANCISCO HISTORIC PRESERVATION COMMISSION,NON-PROFIT (COMMUNITY),NA
COMPASS REAL ESTATE,REAL ESTATE (OTHER),https://www.compass.com/agents/sf/
ZETA GLOBAL,TECH,https://zetaglobal.com/
COMMUNITY LIVING CAMPAIGN,NON-PROFIT (COMMUNITY),https://www.sfcommunityliving.org/
TWITCH INTERACTIVE,TECH,https://www.twitch.com/
DDG PARTNERS,REAL ESTATE (OTHER),http://ddgpartners.com/
METROSOCCERNY,ENTERTAINMENT,NA
LAW OFFICE OF RICHARD J. VAZNAUGH,PRIVATE LAW,Match on LAW OFFICE
MOYA LAW FIRM,PRIVATE LAW,Match on LAW FIRM
"UBER, INC.",RIDESHARE,Match on UBER
BLUEFISH PEDIATRICS,HEALTHCARE (PROVIDER),NA
CHINESE HOSPITAL,HEALTHCARE (PROVIDER),Match on HOSPITAL
UNIVERSITY OF CALIFORNIA AT SAN FRANCISCO,EDUCATION,Match on UNIVERSITY
UBISOFT ENTERTAINMENT,ENTERTAINMENT,NA
SARRIS CONSTRUCTION,BUILDING TRADES,Match on CONSTRUCTION
MENDOCINO MICROCOMPUTERS,OTHER SERVICES,MENDOCINO MICROCOMPUTERS
THE LAGUNA 500,MEDIA,https://thelaguna500.com/
LEADERSHIP PUBLIC SCHOOLS,EDUCATION,NA
SAN FRANCISCO ZEN CENTER,HEALTHCARE (PROVIDER),NA
CASTRO MERCHANTS,NON-PROFIT (COMMUNITY),NA
GREEN CHEMISTRY CLEARINGHOUSE,BIOTECH,https://www.migreenchemistry.org/?doing_wp_cron=1565760236.7026100158691406250000
JOHN F. KENNEDY UNIVERSITY,EDUCATION,Match on UNIVERSITY
PICCINO CAF?,FOOD SERVICE,NA
"GORDON/CLIFFORD REALTY, INC",REAL ESTATE (OTHER),https://www.tmgpartners.com/
STANDARD DEVIANT BREWING,FOOD SERVICE,NA
BRYAN CAVE LEIGHTON PAISNER,PRIVATE LAW,https://www.bclplaw.com/en-US/
JOHN'S GRILL,FOOD SERVICE,Match on GRILL
STEELE PROPERTIES,REAL ESTATE (LANDLORD),Match on REAL ESTATE
IQVIA,HEALTHCARE (OTHER),NA
EMERALD FUND,REAL ESTATE (DEVELOPER),https://www.emeraldfund.com/
LAUREL VILLAGE REALTORS,REAL ESTATE (OTHER),https://www.tmgpartners.com/
"LEGARIE MANAGEMENT, INC.",CONSULTING (BUSINESS),NA
RALLY CAMPAIGNS,CONSULTING (POLITICS),NA
GOLDEN GATE UNIVERSITY,EDUCATION,Match on UNIVERSITY
JAPANESE COMMUNITY YOUTH COUNCIL,NON-PROFIT (COMMUNITY),NA
MILLIMAN,CONSULTING (BUSINESS),https://us.milliman.com/
UNION SQUARE BUSINESS IMPROVEMENT DISTRICT,TECH,https://www.square.com
SAN FRANCISCO LONG-TERM CARE OMBUDSMAN PROGRAM,GOVERNMENT,https://www.sfhsa.org/services/access-empowerment/long-term-care-ombudsman-program
WAYMO,TECH,NA
ERIC SCHLEELEIN REAL ESTATE,REAL ESTATE (OTHER),Match on REAL ESTATE
LIVEWEU MEDICAL CLINIC,HEALTHCARE (PROVIDER),https://www.livewellmedicalclinic.com/
SEIU LOCAL 1021,UNION,NA
MICHAEL SIMMONS PROPERTY DEVELOPMENT,REAL ESTATE (DEVELOPER),NA
SAN FRANCISCO DEPT OF PUBLIC HEALTH,GOVERNMENT,Match on DEPT OF
STANFORD UNIVERSITY,EDUCATION,Match on UNIVERSITY
RABIN WORLDWIDE,CONSULTING (BUSINESS),http://www.rabin.com/
COINBASE,TECH,https://www.coinbase.com/
CITY COLLEGE OF SAN FRANCISCO,EDUCATION,Match on COLLEGE
"MUTUAL SEIKO CONSTRUCTION, INC.",BUILDING TRADES,Match on CONSTRUCTION
WALKUP LAW OFFICE,PRIVATE LAW,Match on LAW OFFICE
LAW OFFICES OF NANCY M. CONWAY,PRIVATE LAW,Match on LAW OFFICE
URBAN GROUP REAL ESTATE,REAL ESTATE (OTHER),Match on REAL ESTATE
ASIAN HEALTH SERVICES,HEALTHCARE (PROVIDER),https://asianhealthservices.org/
THE EMERALD FUND,REAL ESTATE (DEVELOPER),https://www.emeraldfund.com/
RAINBOW WATERPROOFING AND RESTORATION CO,BUILDING TRADES,NA
SQUARE INC.,TECH,https://www.square.com
MOUNT SINAI HEALTH SYSTEM,HEALTHCARE (PROVIDER),NA
NATIONAL HOUSING LAW PROJECT,NON-PROFIT (LAW),https://www.nhlp.org/
"FACEBOOK, INC.",TECH,Match on FACEBOOK
GOOGLE,TECH,Match on GOOGLE
SPIN,ENTERTAINMENT,https://wearespin.com/
PRUNE BUGGY,OTHER SERVICES,An arborist https://prunebuggy.com/
LATAM PROPERTIES,REAL ESTATE (LANDLORD),Match on REAL ESTATE
PACIFIC PRIMARY,EDUCATION,http://pacificprimary.org/
INSIGHT MEDIA,MEDIA,NA
LAW OFFICES OF TIM A. PORI,PRIVATE LAW,Match on LAW OFFICE
ATLANTIC MEDICAL GROUP,HEALTHCARE (PROVIDER),NA
